event_id,incident_date,incident_time,site,department,shift,incident_type,description,injury_outcome,recordable,lost_time,near_miss,potential_sif,severity,frequency,critical_control_verified,inspection_completion_rate,training_compliance_pct,exposure_hours,latitude,longitude,risk_score
HSE-1001,2026-01-01,07:00,Depot B,Maintenance,Day,Vehicle Interaction,Pedestrian entered forklift travel path at Depot B during day shift.,First Aid,True,True,False,False,3,3,True,71.0,82.5,859,41.8781,-87.6298,9
HSE-1002,2026-01-02,23:10,Depot B,Utilities,Night,Slip / Trip,Worker slipped near transfer walkway at Depot B during night shift. Credible worst case could be life-altering.,First Aid,True,True,False,True,4,4,False,84.4,96.8,1136,41.8781,-87.6298,16
HSE-1003,2026-01-03,12:20,Depot A,Operations,Day,Manual Handling,Manual Handling event reported at Depot A during day shift.,Medical Treatment,True,False,False,False,2,3,True,81.8,95.4,1386,39.7392,-104.9903,6
HSE-1004,2026-01-03,12:20,Depot B,Utilities,Day,Fall From Height,Elevated work task had incomplete edge protection at Depot B.,First Aid,True,True,False,False,5,4,True,85.2,98.3,1308,41.8781,-87.6298,20
HSE-1005,2026-01-03,15:00,Plant C,Operations,Day,Slip / Trip,Worker slipped near transfer walkway at Plant C during day shift.,Medical Treatment,True,False,False,False,2,5,True,84.0,98.6,1046,29.7604,-95.3698,10
HSE-1006,2026-01-03,15:10,Warehouse D,Utilities,Day,Struck By,Struck By event reported at Warehouse D during day shift.,First Aid,False,False,False,False,1,1,True,88.0,87.6,876,33.4484,-112.074,1
HSE-1007,2026-01-04,07:30,Depot B,Operations,Day,Near Miss,Near Miss event reported at Depot B during day shift.,Near Miss,False,False,True,False,0,4,True,81.8,86.4,985,41.8781,-87.6298,0
HSE-1008,2026-01-04,17:20,Plant C,Logistics,Day,Equipment Contact,Equipment Contact event reported at Plant C during day shift.,Medical Treatment,True,False,False,False,2,4,True,100.0,83.5,930,29.7604,-95.3698,8
HSE-1009,2026-01-04,08:10,Warehouse D,Logistics,Day,Slip / Trip,Worker slipped near transfer walkway at Warehouse D during day shift.,Medical Treatment,True,False,False,False,2,2,True,84.6,97.5,1143,33.4484,-112.074,4
HSE-1010,2026-01-04,15:00,Terminal E,Operations,Day,Fall From Height,Elevated work task had incomplete edge protection at Terminal E.,Medical Treatment,True,False,False,False,3,5,True,59.3,91.2,1156,34.0522,-118.2437,15
HSE-1011,2026-01-06,00:50,Warehouse D,Logistics,Night,Near Miss,Near Miss event reported at Warehouse D during night shift.,Near Miss,False,False,True,False,0,2,True,82.6,94.2,1294,33.4484,-112.074,0
HSE-1012,2026-01-07,23:10,Warehouse D,Operations,Night,Chemical Exposure,Chemical Exposure event reported at Warehouse D during night shift. Credible worst case could be life-altering.,Near Miss,False,False,True,True,4,5,True,100.0,91.0,1091,33.4484,-112.074,20
HSE-1013,2026-01-08,14:50,Depot B,Operations,Day,Struck By,Struck By event reported at Depot B during day shift.,Lost Time,True,False,False,False,3,1,True,89.7,94.9,989,41.8781,-87.6298,3
HSE-1014,2026-01-08,12:20,Terminal E,Maintenance,Day,Slip / Trip,Worker slipped near transfer walkway at Terminal E during day shift.,Restricted Work,False,False,False,False,1,4,True,93.3,89.3,870,34.0522,-118.2437,4
HSE-1015,2026-01-09,07:50,Depot A,Logistics,Day,Slip / Trip,Worker slipped near transfer walkway at Depot A during day shift.,First Aid,True,True,False,False,4,4,True,56.2,91.9,1008,39.7392,-104.9903,16
HSE-1016,2026-01-09,00:50,Depot B,Utilities,Night,Vehicle Interaction,Pedestrian entered forklift travel path at Depot B during night shift.,Lost Time,False,False,False,False,1,2,True,100.0,98.7,906,41.8781,-87.6298,2
HSE-1017,2026-01-10,09:40,Terminal E,Logistics,Day,Chemical Exposure,Chemical Exposure event reported at Terminal E during day shift.,First Aid,True,False,False,False,3,2,True,80.8,93.5,1210,34.0522,-118.2437,6
HSE-1018,2026-01-11,02:40,Depot A,Logistics,Night,Manual Handling,Manual Handling event reported at Depot A during night shift.,First Aid,True,False,False,False,3,5,True,64.5,88.6,1383,39.7392,-104.9903,15
HSE-1019,2026-01-11,02:40,Terminal E,Maintenance,Night,Slip / Trip,Worker slipped near transfer walkway at Terminal E during night shift.,Medical Treatment,False,False,False,False,1,3,True,90.6,91.8,1193,34.0522,-118.2437,3
HSE-1020,2026-01-12,23:50,Plant C,Logistics,Night,Manual Handling,Manual Handling event reported at Plant C during night shift.,Restricted Work,True,True,False,False,4,3,True,77.8,93.1,1067,29.7604,-95.3698,12
HSE-1021,2026-01-12,11:50,Warehouse D,Operations,Day,Slip / Trip,Worker slipped near transfer walkway at Warehouse D during day shift.,Restricted Work,True,False,False,False,2,2,True,53.1,89.2,1104,33.4484,-112.074,4
HSE-1022,2026-01-13,00:30,Depot A,Operations,Night,Slip / Trip,Worker slipped near transfer walkway at Depot A during night shift.,Restricted Work,True,True,False,False,4,3,False,90.0,83.9,1169,39.7392,-104.9903,12
HSE-1023,2026-01-13,09:20,Depot B,Operations,Day,Fall From Height,Elevated work task had incomplete edge protection at Depot B.,Restricted Work,True,False,False,False,3,4,True,90.6,88.0,1169,41.8781,-87.6298,12
HSE-1024,2026-01-14,01:20,Depot B,Operations,Night,Slip / Trip,Worker slipped near transfer walkway at Depot B during night shift.,Restricted Work,False,False,False,False,1,3,True,83.3,98.9,1118,41.8781,-87.6298,3
HSE-1025,2026-01-14,09:00,Plant C,Operations,Day,Manual Handling,Manual Handling event reported at Plant C during day shift.,Restricted Work,False,False,False,False,1,3,True,93.8,87.2,913,29.7604,-95.3698,3
HSE-1026,2026-01-16,17:40,Depot A,Operations,Day,Equipment Contact,Equipment Contact event reported at Depot A during day shift. Credible worst case could be life-altering.,First Aid,True,False,False,True,3,1,False,100.0,87.6,906,39.7392,-104.9903,3
HSE-1027,2026-01-16,01:40,Depot B,Operations,Night,Struck By,Struck By event reported at Depot B during night shift.,Medical Treatment,False,False,False,False,1,1,True,100.0,95.9,1336,41.8781,-87.6298,1
HSE-1028,2026-01-17,13:50,Depot B,Maintenance,Day,Chemical Exposure,Chemical Exposure event reported at Depot B during day shift.,First Aid,False,False,False,False,1,1,True,96.4,99.0,932,41.8781,-87.6298,1
HSE-1029,2026-01-18,01:00,Depot B,Logistics,Night,Vehicle Interaction,Pedestrian entered forklift travel path at Depot B during night shift. Credible worst case could be life-altering.,Near Miss,False,True,True,True,3,4,True,65.6,83.0,1176,41.8781,-87.6298,12
HSE-1030,2026-01-19,01:40,Depot B,Maintenance,Night,Slip / Trip,Worker slipped near transfer walkway at Depot B during night shift.,First Aid,True,True,False,False,4,3,True,96.8,93.4,938,41.8781,-87.6298,12
HSE-1031,2026-01-19,17:00,Terminal E,Logistics,Day,Struck By,Struck By event reported at Terminal E during day shift.,First Aid,False,False,False,False,1,2,True,64.5,84.1,1034,34.0522,-118.2437,2
HSE-1032,2026-01-20,09:30,Plant C,Operations,Day,Manual Handling,Manual Handling event reported at Plant C during day shift.,Lost Time,False,False,False,False,1,5,True,100.0,87.2,906,29.7604,-95.3698,5
HSE-1033,2026-01-20,15:00,Terminal E,Operations,Day,Equipment Contact,Equipment Contact event reported at Terminal E during day shift.,Restricted Work,False,False,False,False,1,5,True,81.5,98.5,991,34.0522,-118.2437,5
HSE-1034,2026-01-21,23:50,Depot B,Operations,Night,Slip / Trip,Worker slipped near transfer walkway at Depot B during night shift. Credible worst case could be life-altering.,Medical Treatment,True,True,False,True,5,2,True,65.4,96.3,1100,41.8781,-87.6298,10
HSE-1035,2026-01-22,13:30,Warehouse D,Logistics,Day,Near Miss,Near Miss event reported at Warehouse D during day shift.,Near Miss,False,False,True,False,0,2,True,59.3,86.9,1030,33.4484,-112.074,0
HSE-1036,2026-01-23,00:00,Depot A,Operations,Night,Equipment Contact,Equipment Contact event reported at Depot A during night shift. Credible worst case could be life-altering.,First Aid,True,False,False,True,3,4,True,84.0,83.9,910,39.7392,-104.9903,12
HSE-1037,2026-01-24,22:40,Depot B,Maintenance,Night,Slip / Trip,Worker slipped near transfer walkway at Depot B during night shift.,Restricted Work,True,False,False,False,2,1,True,85.2,85.2,1383,41.8781,-87.6298,2
HSE-1038,2026-01-24,06:30,Warehouse D,Maintenance,Day,Manual Handling,Manual Handling event reported at Warehouse D during day shift.,Restricted Work,False,False,False,False,1,3,True,67.7,93.1,1161,33.4484,-112.074,3
HSE-1039,2026-01-25,01:40,Warehouse D,Logistics,Night,Vehicle Interaction,Pedestrian entered forklift travel path at Warehouse D during night shift. Credible worst case could be life-altering.,First Aid,True,True,False,True,5,1,True,88.9,82.6,957,33.4484,-112.074,5
HSE-1040,2026-01-26,18:50,Depot A,Maintenance,Day,Struck By,Struck By event reported at Depot A during day shift.,Restricted Work,True,True,False,False,4,5,True,74.1,93.3,1110,39.7392,-104.9903,20
HSE-1041,2026-01-26,07:00,Depot B,Operations,Day,Equipment Contact,Equipment Contact event reported at Depot B during day shift.,First Aid,True,False,False,False,3,5,True,82.8,91.4,1016,41.8781,-87.6298,15
HSE-1042,2026-01-28,12:40,Depot B,Logistics,Day,Manual Handling,Manual Handling event reported at Depot B during day shift.,Restricted Work,False,False,False,False,1,5,False,80.6,94.0,1345,41.8781,-87.6298,5
HSE-1043,2026-01-29,18:30,Warehouse D,Operations,Day,Chemical Exposure,Chemical Exposure event reported at Warehouse D during day shift. Credible worst case could be life-altering.,Lost Time,True,False,False,True,3,2,True,64.5,95.3,1355,33.4484,-112.074,6
HSE-1044,2026-01-29,11:50,Terminal E,Operations,Day,Manual Handling,Manual Handling event reported at Terminal E during day shift.,First Aid,True,True,False,False,4,1,True,81.5,82.8,939,34.0522,-118.2437,4
HSE-1045,2026-02-01,01:50,Depot A,Operations,Night,Manual Handling,Manual Handling event reported at Depot A during night shift.,Medical Treatment,True,False,False,False,2,3,True,70.4,88.7,928,39.7392,-104.9903,6
HSE-1046,2026-02-01,22:50,Depot B,Maintenance,Night,Near Miss,Near Miss event reported at Depot B during night shift.,Near Miss,False,False,True,False,0,1,True,95.8,96.9,961,41.8781,-87.6298,0
HSE-1047,2026-02-01,08:40,Terminal E,Operations,Day,Slip / Trip,Worker slipped near transfer walkway at Terminal E during day shift.,Restricted Work,False,False,False,False,1,3,True,94.7,93.8,1034,34.0522,-118.2437,3
HSE-1048,2026-02-02,12:40,Depot A,Operations,Day,Equipment Contact,Equipment Contact event reported at Depot A during day shift.,Near Miss,False,False,True,False,0,5,True,82.6,82.8,1284,39.7392,-104.9903,0
HSE-1049,2026-02-02,00:10,Warehouse D,Logistics,Night,Manual Handling,Manual Handling event reported at Warehouse D during night shift.,Medical Treatment,False,False,False,False,1,5,False,85.2,96.2,1371,33.4484,-112.074,5
HSE-1050,2026-02-02,16:10,Terminal E,Operations,Day,Slip / Trip,Worker slipped near transfer walkway at Terminal E during day shift.,Medical Treatment,False,False,False,False,1,3,True,79.2,87.0,1087,34.0522,-118.2437,3
HSE-1051,2026-02-04,06:50,Plant C,Maintenance,Day,Slip / Trip,Worker slipped near transfer walkway at Plant C during day shift.,Near Miss,False,False,True,False,0,4,True,91.3,84.9,1236,29.7604,-95.3698,0
HSE-1052,2026-02-04,12:00,Warehouse D,Operations,Day,Vehicle Interaction,Pedestrian entered forklift travel path at Warehouse D during day shift.,Lost Time,True,False,False,False,2,3,True,93.5,93.4,1387,33.4484,-112.074,6
HSE-1053,2026-02-04,02:50,Terminal E,Logistics,Night,Fall From Height,Elevated work task had incomplete edge protection at Terminal E.,Near Miss,False,False,True,False,0,2,True,96.7,93.8,920,34.0522,-118.2437,0
HSE-1054,2026-02-05,17:00,Plant C,Operations,Day,Struck By,Struck By event reported at Plant C during day shift.,First Aid,False,False,False,False,1,4,True,87.5,87.6,1149,29.7604,-95.3698,4
HSE-1055,2026-02-06,09:50,Depot A,Logistics,Day,Slip / Trip,Worker slipped near transfer walkway at Depot A during day shift.,Medical Treatment,True,True,False,False,4,2,True,80.0,82.7,877,39.7392,-104.9903,8
HSE-1056,2026-02-06,17:40,Depot B,Operations,Day,Chemical Exposure,Chemical Exposure event reported at Depot B during day shift.,Lost Time,False,False,False,False,1,4,True,66.7,94.4,1028,41.8781,-87.6298,4
HSE-1057,2026-02-06,01:50,Plant C,Operations,Night,Manual Handling,Manual Handling event reported at Plant C during night shift.,Restricted Work,False,False,False,False,1,5,True,96.2,92.1,1245,29.7604,-95.3698,5
HSE-1058,2026-02-07,23:50,Depot B,Operations,Night,Slip / Trip,Worker slipped near transfer walkway at Depot B during night shift.,Medical Treatment,True,False,False,False,2,1,True,85.7,82.0,1067,41.8781,-87.6298,2
HSE-1059,2026-02-07,10:40,Plant C,Operations,Day,Vehicle Interaction,Pedestrian entered forklift travel path at Plant C during day shift. Credible worst case could be life-altering.,First Aid,True,True,False,True,5,4,False,100.0,94.8,1143,29.7604,-95.3698,20
HSE-1060,2026-02-08,12:40,Depot B,Operations,Day,Vehicle Interaction,Pedestrian entered forklift travel path at Depot B during day shift. Credible worst case could be life-altering.,Near Miss,False,False,True,True,5,3,False,95.0,92.1,1018,41.8781,-87.6298,15
HSE-1061,2026-02-08,13:20,Plant C,Maintenance,Day,Struck By,Struck By event reported at Plant C during day shift.,Lost Time,True,True,False,False,4,5,False,72.0,82.1,1321,29.7604,-95.3698,20
HSE-1062,2026-02-08,18:50,Terminal E,Maintenance,Day,Equipment Contact,Equipment Contact event reported at Terminal E during day shift.,First Aid,True,True,False,False,4,4,True,87.5,85.3,1210,34.0522,-118.2437,16
HSE-1063,2026-02-09,14:40,Depot B,Operations,Day,Fall From Height,Elevated work task had incomplete edge protection at Depot B. Credible worst case could be life-altering.,Near Miss,False,False,True,True,5,4,True,83.3,92.1,1200,41.8781,-87.6298,20
HSE-1064,2026-02-10,22:00,Depot B,Operations,Night,Slip / Trip,Worker slipped near transfer walkway at Depot B during night shift. Credible worst case could be life-altering.,Medical Treatment,True,True,False,True,5,3,True,87.5,96.5,1396,41.8781,-87.6298,15
HSE-1065,2026-02-11,11:50,Depot A,Operations,Day,Manual Handling,Manual Handling event reported at Depot A during day shift.,First Aid,True,False,False,False,2,1,True,96.2,94.2,1135,39.7392,-104.9903,2
HSE-1066,2026-02-11,01:30,Depot B,Utilities,Night,Vehicle Interaction,Pedestrian entered forklift travel path at Depot B during night shift. Credible worst case could be life-altering.,First Aid,True,True,False,True,4,3,True,95.5,94.5,1344,41.8781,-87.6298,12
HSE-1067,2026-02-11,23:40,Terminal E,Operations,Night,Fall From Height,Elevated work task had incomplete edge protection at Terminal E.,Near Miss,False,False,True,False,0,5,True,95.8,96.8,1390,34.0522,-118.2437,0
HSE-1068,2026-02-13,12:00,Depot A,Maintenance,Day,Chemical Exposure,Chemical Exposure event reported at Depot A during day shift. Credible worst case could be life-altering.,First Aid,True,True,False,True,4,5,True,82.8,90.3,924,39.7392,-104.9903,20
HSE-1069,2026-02-14,22:50,Depot B,Logistics,Night,Slip / Trip,Worker slipped near transfer walkway at Depot B during night shift. Credible worst case could be life-altering.,Medical Treatment,True,False,False,True,3,1,True,79.2,94.3,1165,41.8781,-87.6298,3
HSE-1070,2026-02-14,12:40,Plant C,Maintenance,Day,Fall From Height,Elevated work task had incomplete edge protection at Plant C. Credible worst case could be life-altering.,First Aid,True,True,False,True,4,4,True,93.1,93.2,1117,29.7604,-95.3698,16
HSE-1071,2026-02-14,15:50,Warehouse D,Logistics,Day,Slip / Trip,Worker slipped near transfer walkway at Warehouse D during day shift.,Restricted Work,False,False,False,False,1,1,True,71.0,96.7,1248,33.4484,-112.074,1
HSE-1072,2026-02-14,13:20,Terminal E,Operations,Day,Struck By,Struck By event reported at Terminal E during day shift.,Near Miss,False,False,True,False,0,4,True,92.3,97.2,1081,34.0522,-118.2437,0
HSE-1073,2026-02-15,02:10,Depot B,Maintenance,Night,Struck By,Struck By event reported at Depot B during night shift.,Medical Treatment,True,False,False,False,2,5,False,96.4,95.1,915,41.8781,-87.6298,10
HSE-1074,2026-02-15,06:20,Plant C,Logistics,Day,Manual Handling,Manual Handling event reported at Plant C during day shift.,Restricted Work,False,False,False,False,1,2,True,62.5,90.5,1236,29.7604,-95.3698,2
HSE-1075,2026-02-15,10:00,Warehouse D,Maintenance,Day,Equipment Contact,Equipment Contact event reported at Warehouse D during day shift.,First Aid,True,True,False,False,3,4,True,93.3,82.1,900,33.4484,-112.074,12
HSE-1076,2026-02-15,00:10,Terminal E,Operations,Night,Equipment Contact,Equipment Contact event reported at Terminal E during night shift. Credible worst case could be life-altering.,Near Miss,False,False,True,True,5,1,True,72.0,93.4,1069,34.0522,-118.2437,5
HSE-1077,2026-02-16,15:40,Depot B,Logistics,Day,Struck By,Struck By event reported at Depot B during day shift.,Near Miss,False,False,True,False,0,4,True,93.3,93.3,854,41.8781,-87.6298,0
HSE-1078,2026-02-16,01:10,Plant C,Operations,Night,Chemical Exposure,Chemical Exposure event reported at Plant C during night shift.,Medical Treatment,False,False,False,False,1,2,True,82.8,98.3,1168,29.7604,-95.3698,2
HSE-1079,2026-02-16,14:00,Terminal E,Utilities,Day,Vehicle Interaction,Pedestrian entered forklift travel path at Terminal E during day shift. Credible worst case could be life-altering.,Near Miss,False,False,True,True,3,2,True,71.4,90.1,1287,34.0522,-118.2437,6
HSE-1080,2026-02-17,02:40,Terminal E,Operations,Night,Struck By,Struck By event reported at Terminal E during night shift.,Near Miss,False,False,True,False,0,5,True,64.5,89.6,1377,34.0522,-118.2437,0
HSE-1081,2026-02-19,22:00,Depot B,Maintenance,Night,Struck By,Struck By event reported at Depot B during night shift.,Medical Treatment,True,True,False,False,4,4,True,100.0,92.7,1392,41.8781,-87.6298,16
HSE-1082,2026-02-19,22:30,Terminal E,Maintenance,Night,Slip / Trip,Worker slipped near transfer walkway at Terminal E during night shift.,First Aid,True,False,False,False,2,5,True,77.8,94.3,1112,34.0522,-118.2437,10
HSE-1083,2026-02-20,16:30,Depot A,Maintenance,Day,Slip / Trip,Worker slipped near transfer walkway at Depot A during day shift.,Lost Time,False,False,False,False,1,2,True,62.1,97.6,1166,39.7392,-104.9903,2
HSE-1084,2026-02-20,07:40,Warehouse D,Operations,Day,Slip / Trip,Worker slipped near transfer walkway at Warehouse D during day shift.,Medical Treatment,True,False,False,False,2,2,True,80.6,82.6,1106,33.4484,-112.074,4
HSE-1085,2026-02-21,08:20,Depot A,Operations,Day,Fall From Height,Elevated work task had incomplete edge protection at Depot A.,Restricted Work,True,False,False,False,2,3,True,87.1,89.9,887,39.7392,-104.9903,6
HSE-1086,2026-02-21,22:10,Plant C,Maintenance,Night,Slip / Trip,Worker slipped near transfer walkway at Plant C during night shift.,First Aid,True,True,False,False,5,4,False,100.0,85.1,1164,29.7604,-95.3698,20
HSE-1087,2026-02-21,22:30,Terminal E,Operations,Night,Vehicle Interaction,Pedestrian entered forklift travel path at Terminal E during night shift.,Medical Treatment,True,False,False,False,3,4,True,100.0,88.1,948,34.0522,-118.2437,12
HSE-1088,2026-02-22,12:30,Depot B,Logistics,Day,Vehicle Interaction,Pedestrian entered forklift travel path at Depot B during day shift. Credible worst case could be life-altering.,First Aid,True,False,False,True,3,5,True,93.5,89.1,1262,41.8781,-87.6298,15
HSE-1089,2026-02-22,23:10,Plant C,Maintenance,Night,Struck By,Struck By event reported at Plant C during night shift.,Medical Treatment,False,False,False,False,1,5,True,78.1,85.5,1065,29.7604,-95.3698,5
HSE-1090,2026-02-22,06:10,Terminal E,Operations,Day,Slip / Trip,Worker slipped near transfer walkway at Terminal E during day shift.,Near Miss,False,False,True,False,0,5,True,81.5,88.9,1074,34.0522,-118.2437,0
HSE-1091,2026-02-23,07:20,Depot A,Logistics,Day,Equipment Contact,Equipment Contact event reported at Depot A during day shift. Credible worst case could be life-altering.,Near Miss,False,False,True,True,5,1,True,78.6,96.2,1006,39.7392,-104.9903,5
HSE-1092,2026-02-23,12:10,Plant C,Logistics,Day,Slip / Trip,Worker slipped near transfer walkway at Plant C during day shift.,Near Miss,False,False,True,False,0,4,True,90.0,87.0,1279,29.7604,-95.3698,0
HSE-1093,2026-02-23,06:30,Warehouse D,Maintenance,Day,Slip / Trip,Worker slipped near transfer walkway at Warehouse D during day shift.,First Aid,True,True,False,False,5,3,True,100.0,90.7,882,33.4484,-112.074,15
HSE-1094,2026-02-24,01:40,Depot B,Utilities,Night,Manual Handling,Manual Handling event reported at Depot B during night shift.,Restricted Work,True,False,False,False,3,3,False,79.3,98.3,1018,41.8781,-87.6298,9
HSE-1095,2026-02-24,12:20,Plant C,Maintenance,Day,Near Miss,Near Miss event reported at Plant C during day shift.,Near Miss,False,False,True,False,0,1,True,53.1,82.1,1214,29.7604,-95.3698,0
HSE-1096,2026-02-24,14:30,Terminal E,Logistics,Day,Equipment Contact,Equipment Contact event reported at Terminal E during day shift. Credible worst case could be life-altering.,Restricted Work,True,True,False,True,4,3,True,80.0,98.0,1088,34.0522,-118.2437,12
HSE-1097,2026-02-25,11:50,Plant C,Operations,Day,Vehicle Interaction,Pedestrian entered forklift travel path at Plant C during day shift.,Near Miss,False,False,True,False,0,1,True,90.3,83.5,1279,29.7604,-95.3698,0
HSE-1098,2026-02-25,08:00,Warehouse D,Logistics,Day,Fall From Height,Elevated work task had incomplete edge protection at Warehouse D. Credible worst case could be life-altering.,Near Miss,False,False,True,True,4,3,True,68.0,95.9,1116,33.4484,-112.074,12
HSE-1099,2026-02-26,22:50,Warehouse D,Maintenance,Night,Near Miss,Near Miss event reported at Warehouse D during night shift.,Near Miss,False,False,True,False,0,2,True,85.7,85.2,888,33.4484,-112.074,0
HSE-1100,2026-02-27,22:20,Depot A,Operations,Night,Manual Handling,Manual Handling event reported at Depot A during night shift.,Medical Treatment,True,True,False,False,5,1,True,95.0,96.2,1359,39.7392,-104.9903,5
HSE-1101,2026-02-27,14:20,Plant C,Utilities,Day,Struck By,Struck By event reported at Plant C during day shift.,Restricted Work,False,False,False,False,1,5,True,75.0,86.2,1288,29.7604,-95.3698,5
HSE-1102,2026-02-27,18:30,Warehouse D,Operations,Day,Manual Handling,Manual Handling event reported at Warehouse D during day shift.,First Aid,False,False,False,False,1,2,True,100.0,83.8,1038,33.4484,-112.074,2
HSE-1103,2026-02-27,11:20,Terminal E,Utilities,Day,Vehicle Interaction,Pedestrian entered forklift travel path at Terminal E during day shift. Credible worst case could be life-altering.,Near Miss,False,False,True,True,4,3,True,80.0,89.2,876,34.0522,-118.2437,12
HSE-1104,2026-03-01,02:50,Depot B,Logistics,Night,Slip / Trip,Worker slipped near transfer walkway at Depot B during night shift.,First Aid,True,True,False,False,5,2,False,70.8,90.5,1087,41.8781,-87.6298,10
HSE-1105,2026-03-02,17:20,Depot A,Utilities,Day,Slip / Trip,Worker slipped near transfer walkway at Depot A during day shift.,Near Miss,False,False,True,False,0,4,False,87.5,96.3,1115,39.7392,-104.9903,0
HSE-1106,2026-03-02,14:30,Warehouse D,Operations,Day,Equipment Contact,Equipment Contact event reported at Warehouse D during day shift. Credible worst case could be life-altering.,Restricted Work,True,False,False,True,3,2,True,72.4,96.0,972,33.4484,-112.074,6
HSE-1107,2026-03-02,14:20,Terminal E,Logistics,Day,Manual Handling,Manual Handling event reported at Terminal E during day shift.,Restricted Work,False,False,False,False,1,4,True,53.3,91.3,1063,34.0522,-118.2437,4
HSE-1108,2026-03-03,12:20,Plant C,Logistics,Day,Equipment Contact,Equipment Contact event reported at Plant C during day shift. Credible worst case could be life-altering.,Near Miss,False,False,True,True,3,2,True,74.2,87.6,876,29.7604,-95.3698,6
HSE-1109,2026-03-05,23:10,Plant C,Maintenance,Night,Fall From Height,Elevated work task had incomplete edge protection at Plant C. Credible worst case could be life-altering.,Medical Treatment,True,True,False,True,5,4,False,93.8,84.1,961,29.7604,-95.3698,20
HSE-1110,2026-03-05,06:00,Terminal E,Maintenance,Day,Struck By,Struck By event reported at Terminal E during day shift.,First Aid,True,True,False,False,4,3,True,100.0,92.2,890,34.0522,-118.2437,12
HSE-1111,2026-03-07,18:30,Depot B,Logistics,Day,Equipment Contact,Equipment Contact event reported at Depot B during day shift. Credible worst case could be life-altering.,Medical Treatment,True,True,False,True,5,4,True,100.0,88.2,952,41.8781,-87.6298,20
HSE-1112,2026-03-07,01:30,Plant C,Logistics,Night,Near Miss,Near Miss event reported at Plant C during night shift.,Near Miss,False,False,True,False,0,5,True,100.0,90.4,1309,29.7604,-95.3698,0
HSE-1113,2026-03-08,23:30,Depot B,Logistics,Night,Slip / Trip,Worker slipped near transfer walkway at Depot B during night shift. Credible worst case could be life-altering.,First Aid,True,True,False,True,4,5,False,86.7,91.2,1163,41.8781,-87.6298,20
HSE-1114,2026-03-08,00:50,Terminal E,Utilities,Night,Manual Handling,Manual Handling event reported at Terminal E during night shift.,Near Miss,False,False,True,False,0,5,True,92.6,93.2,927,34.0522,-118.2437,0
HSE-1115,2026-03-09,01:30,Depot B,Operations,Night,Slip / Trip,Worker slipped near transfer walkway at Depot B during night shift.,Near Miss,False,False,True,False,0,5,False,90.0,96.4,1393,41.8781,-87.6298,0
HSE-1116,2026-03-09,11:30,Plant C,Operations,Day,Fall From Height,Elevated work task had incomplete edge protection at Plant C. Credible worst case could be life-altering.,Near Miss,False,False,True,True,4,5,True,100.0,94.8,1311,29.7604,-95.3698,20
HSE-1117,2026-03-09,07:30,Warehouse D,Operations,Day,Slip / Trip,Worker slipped near transfer walkway at Warehouse D during day shift.,First Aid,True,True,False,False,4,2,True,100.0,93.6,1178,33.4484,-112.074,8
HSE-1118,2026-03-09,10:30,Terminal E,Logistics,Day,Manual Handling,Manual Handling event reported at Terminal E during day shift.,Restricted Work,False,False,False,False,1,4,False,85.0,86.9,1049,34.0522,-118.2437,4
HSE-1119,2026-03-10,08:50,Depot A,Operations,Day,Slip / Trip,Worker slipped near transfer walkway at Depot A during day shift.,Near Miss,False,False,True,False,0,2,True,93.5,82.7,1194,39.7392,-104.9903,0
HSE-1120,2026-03-10,15:20,Warehouse D,Operations,Day,Near Miss,Near Miss event reported at Warehouse D during day shift.,Near Miss,False,False,True,False,0,4,True,84.4,86.7,1346,33.4484,-112.074,0
HSE-1121,2026-03-11,10:10,Depot B,Logistics,Day,Manual Handling,Manual Handling event reported at Depot B during day shift.,Medical Treatment,True,True,False,False,3,4,True,84.4,87.4,1360,41.8781,-87.6298,12
HSE-1122,2026-03-12,02:50,Depot B,Utilities,Night,Slip / Trip,Worker slipped near transfer walkway at Depot B during night shift.,Medical Treatment,False,False,False,False,1,1,True,81.2,90.7,1072,41.8781,-87.6298,1
HSE-1123,2026-03-13,23:00,Terminal E,Maintenance,Night,Struck By,Struck By event reported at Terminal E during night shift.,First Aid,True,False,False,False,3,5,True,96.6,84.2,860,34.0522,-118.2437,15
HSE-1124,2026-03-14,22:00,Plant C,Logistics,Night,Struck By,Struck By event reported at Plant C during night shift.,Lost Time,False,False,False,False,1,3,True,89.7,94.2,915,29.7604,-95.3698,3
HSE-1125,2026-03-14,07:00,Warehouse D,Logistics,Day,Struck By,Struck By event reported at Warehouse D during day shift.,Lost Time,True,True,False,False,5,1,True,78.1,94.3,1338,33.4484,-112.074,5
HSE-1126,2026-03-14,13:20,Terminal E,Operations,Day,Manual Handling,Manual Handling event reported at Terminal E during day shift.,First Aid,True,False,False,False,2,5,True,78.6,92.9,932,34.0522,-118.2437,10
HSE-1127,2026-03-15,11:50,Terminal E,Utilities,Day,Slip / Trip,Worker slipped near transfer walkway at Terminal E during day shift.,Lost Time,True,False,False,False,2,2,True,100.0,85.3,1300,34.0522,-118.2437,4
HSE-1128,2026-03-16,01:10,Terminal E,Logistics,Night,Manual Handling,Manual Handling event reported at Terminal E during night shift.,Medical Treatment,False,False,False,False,1,2,True,75.0,87.9,973,34.0522,-118.2437,2
HSE-1129,2026-03-18,12:50,Depot B,Operations,Day,Slip / Trip,Worker slipped near transfer walkway at Depot B during day shift.,Near Miss,False,False,True,False,0,2,True,76.7,92.9,1068,41.8781,-87.6298,0
HSE-1130,2026-03-18,16:40,Plant C,Operations,Day,Chemical Exposure,Chemical Exposure event reported at Plant C during day shift.,Restricted Work,True,True,False,False,5,5,True,100.0,92.9,1336,29.7604,-95.3698,25
HSE-1131,2026-03-18,17:40,Terminal E,Maintenance,Day,Manual Handling,Manual Handling event reported at Terminal E during day shift.,First Aid,True,False,False,False,3,4,True,53.3,94.7,1130,34.0522,-118.2437,12
HSE-1132,2026-03-19,07:00,Depot A,Operations,Day,Near Miss,Near Miss event reported at Depot A during day shift.,Near Miss,False,False,True,False,0,5,True,80.6,95.3,1058,39.7392,-104.9903,0
HSE-1133,2026-03-19,12:40,Warehouse D,Logistics,Day,Slip / Trip,Worker slipped near transfer walkway at Warehouse D during day shift.,Medical Treatment,False,False,False,False,1,1,True,87.5,84.3,1345,33.4484,-112.074,1
HSE-1134,2026-03-19,00:50,Terminal E,Utilities,Night,Equipment Contact,Equipment Contact event reported at Terminal E during night shift.,Medical Treatment,False,False,False,False,1,1,True,90.6,94.3,969,34.0522,-118.2437,1
HSE-1135,2026-03-20,15:40,Terminal E,Utilities,Day,Slip / Trip,Worker slipped near transfer walkway at Terminal E during day shift.,Medical Treatment,False,False,False,False,1,3,True,77.8,98.6,1104,34.0522,-118.2437,3
HSE-1136,2026-03-21,00:00,Terminal E,Operations,Night,Struck By,Struck By event reported at Terminal E during night shift.,Restricted Work,False,False,False,False,1,4,True,93.5,98.9,974,34.0522,-118.2437,4
HSE-1137,2026-03-22,07:00,Depot B,Operations,Day,Equipment Contact,Equipment Contact event reported at Depot B during day shift. Credible worst case could be life-altering.,First Aid,True,True,False,True,5,5,False,67.7,93.4,1370,41.8781,-87.6298,25
HSE-1138,2026-03-23,13:40,Depot B,Logistics,Day,Fall From Height,Elevated work task had incomplete edge protection at Depot B. Credible worst case could be life-altering.,Medical Treatment,True,True,False,True,5,5,True,66.7,91.9,1110,41.8781,-87.6298,25
HSE-1139,2026-03-23,08:10,Terminal E,Operations,Day,Manual Handling,Manual Handling event reported at Terminal E during day shift.,Restricted Work,True,True,False,False,4,2,True,83.9,85.4,879,34.0522,-118.2437,8
HSE-1140,2026-03-24,16:10,Depot B,Maintenance,Day,Near Miss,Near Miss event reported at Depot B during day shift.,Near Miss,False,False,True,False,0,3,True,74.1,89.8,1079,41.8781,-87.6298,0
HSE-1141,2026-03-24,13:10,Warehouse D,Logistics,Day,Manual Handling,Manual Handling event reported at Warehouse D during day shift.,Restricted Work,True,False,False,False,2,1,False,96.6,84.9,1380,33.4484,-112.074,2
HSE-1142,2026-03-24,10:40,Terminal E,Maintenance,Day,Manual Handling,Manual Handling event reported at Terminal E during day shift.,Medical Treatment,True,False,False,False,3,4,True,100.0,97.4,1341,34.0522,-118.2437,12
HSE-1143,2026-03-25,06:50,Depot A,Operations,Day,Struck By,Struck By event reported at Depot A during day shift.,Medical Treatment,True,False,False,False,2,3,True,89.7,83.2,1347,39.7392,-104.9903,6
HSE-1144,2026-03-25,01:30,Depot B,Logistics,Night,Near Miss,Near Miss event reported at Depot B during night shift.,Near Miss,False,False,True,False,0,4,True,93.1,95.7,865,41.8781,-87.6298,0
HSE-1145,2026-03-26,16:40,Plant C,Logistics,Day,Slip / Trip,Worker slipped near transfer walkway at Plant C during day shift.,Medical Treatment,True,False,False,False,2,2,True,50.0,86.1,1381,29.7604,-95.3698,4
HSE-1146,2026-03-26,08:00,Terminal E,Operations,Day,Manual Handling,Manual Handling event reported at Terminal E during day shift.,First Aid,True,False,False,False,2,3,True,88.5,84.5,947,34.0522,-118.2437,6
HSE-1147,2026-03-27,02:20,Depot A,Operations,Night,Slip / Trip,Worker slipped near transfer walkway at Depot A during night shift.,Restricted Work,False,False,False,False,1,2,True,100.0,95.5,1206,39.7392,-104.9903,2
HSE-1148,2026-03-27,02:40,Plant C,Operations,Night,Near Miss,Near Miss event reported at Plant C during night shift.,Near Miss,False,False,True,False,0,4,True,56.2,98.5,862,29.7604,-95.3698,0
HSE-1149,2026-03-27,01:40,Warehouse D,Maintenance,Night,Near Miss,Near Miss event reported at Warehouse D during night shift.,Near Miss,False,False,True,False,0,2,True,96.3,82.7,1005,33.4484,-112.074,0
HSE-1150,2026-03-28,02:10,Depot B,Operations,Night,Vehicle Interaction,Pedestrian entered forklift travel path at Depot B during night shift. Credible worst case could be life-altering.,First Aid,True,False,False,True,3,1,True,93.3,88.8,893,41.8781,-87.6298,3
HSE-1151,2026-03-29,01:50,Depot B,Operations,Night,Slip / Trip,Worker slipped near transfer walkway at Depot B during night shift.,First Aid,False,False,False,False,1,1,True,70.0,94.6,884,41.8781,-87.6298,1
HSE-1152,2026-03-31,00:50,Depot B,Logistics,Night,Slip / Trip,Worker slipped near transfer walkway at Depot B during night shift.,Medical Treatment,True,False,False,False,2,3,True,100.0,95.4,1258,41.8781,-87.6298,6
HSE-1153,2026-03-31,10:20,Warehouse D,Logistics,Day,Manual Handling,Manual Handling event reported at Warehouse D during day shift.,Medical Treatment,True,False,False,False,3,5,False,65.5,95.8,1217,33.4484,-112.074,15
HSE-1154,2026-03-31,09:30,Terminal E,Logistics,Day,Manual Handling,Manual Handling event reported at Terminal E during day shift.,First Aid,True,True,False,False,5,3,False,69.2,90.4,1171,34.0522,-118.2437,15
HSE-1155,2026-04-02,15:30,Depot B,Maintenance,Day,Struck By,Struck By event reported at Depot B during day shift.,Restricted Work,True,True,False,False,4,4,True,93.8,96.6,1167,41.8781,-87.6298,16
HSE-1156,2026-04-04,10:10,Depot A,Operations,Day,Chemical Exposure,Chemical Exposure event reported at Depot A during day shift.,Near Miss,False,False,True,False,0,2,True,96.0,90.2,993,39.7392,-104.9903,0
HSE-1157,2026-04-04,13:00,Depot B,Logistics,Day,Fall From Height,Elevated work task had incomplete edge protection at Depot B. Credible worst case could be life-altering.,First Aid,True,True,False,True,5,1,True,80.0,82.8,1309,41.8781,-87.6298,5
HSE-1158,2026-04-04,23:40,Terminal E,Operations,Night,Chemical Exposure,Chemical Exposure event reported at Terminal E during night shift.,First Aid,True,True,False,False,5,4,True,63.0,83.4,957,34.0522,-118.2437,20
HSE-1159,2026-04-05,06:10,Depot A,Logistics,Day,Slip / Trip,Worker slipped near transfer walkway at Depot A during day shift.,Medical Treatment,True,True,False,False,4,1,True,88.5,89.8,1104,39.7392,-104.9903,4
HSE-1160,2026-04-05,22:30,Plant C,Maintenance,Night,Manual Handling,Manual Handling event reported at Plant C during night shift.,First Aid,True,False,False,False,2,3,True,92.0,88.7,1309,29.7604,-95.3698,6
HSE-1161,2026-04-05,23:10,Terminal E,Operations,Night,Manual Handling,Manual Handling event reported at Terminal E during night shift.,First Aid,False,False,False,False,1,1,True,95.8,90.4,1196,34.0522,-118.2437,1
HSE-1162,2026-04-07,22:20,Depot A,Utilities,Night,Manual Handling,Manual Handling event reported at Depot A during night shift.,Lost Time,True,False,False,False,2,4,True,90.0,86.4,1393,39.7392,-104.9903,8
HSE-1163,2026-04-07,23:30,Depot B,Operations,Night,Fall From Height,Elevated work task had incomplete edge protection at Depot B. Credible worst case could be life-altering.,Lost Time,True,True,False,True,4,1,True,100.0,97.6,1015,41.8781,-87.6298,4
HSE-1164,2026-04-07,11:40,Plant C,Logistics,Day,Slip / Trip,Worker slipped near transfer walkway at Plant C during day shift.,First Aid,False,False,False,False,1,5,True,84.2,91.3,1346,29.7604,-95.3698,5
HSE-1165,2026-04-07,15:10,Warehouse D,Logistics,Day,Struck By,Struck By event reported at Warehouse D during day shift.,Medical Treatment,False,False,False,False,1,1,True,100.0,96.7,1394,33.4484,-112.074,1
HSE-1166,2026-04-08,10:00,Depot A,Utilities,Day,Near Miss,Near Miss event reported at Depot A during day shift.,Near Miss,False,False,True,False,0,1,True,100.0,96.6,907,39.7392,-104.9903,0
HSE-1167,2026-04-08,02:20,Depot B,Operations,Night,Slip / Trip,Worker slipped near transfer walkway at Depot B during night shift. Credible worst case could be life-altering.,Restricted Work,True,True,False,True,4,5,True,93.5,97.3,1028,41.8781,-87.6298,20
HSE-1168,2026-04-09,02:30,Depot B,Utilities,Night,Slip / Trip,Worker slipped near transfer walkway at Depot B during night shift.,First Aid,False,False,False,False,1,2,True,88.0,95.6,991,41.8781,-87.6298,2
HSE-1169,2026-04-09,14:00,Terminal E,Maintenance,Day,Equipment Contact,Equipment Contact event reported at Terminal E during day shift.,Medical Treatment,False,False,False,False,1,2,True,93.5,88.0,1290,34.0522,-118.2437,2
HSE-1170,2026-04-10,23:40,Depot A,Operations,Night,Vehicle Interaction,Pedestrian entered forklift travel path at Depot A during night shift. Credible worst case could be life-altering.,First Aid,True,True,False,True,4,1,True,65.4,86.0,999,39.7392,-104.9903,4
HSE-1171,2026-04-10,01:40,Plant C,Maintenance,Night,Manual Handling,Manual Handling event reported at Plant C during night shift.,Medical Treatment,False,False,False,False,1,5,True,100.0,85.3,1370,29.7604,-95.3698,5
HSE-1172,2026-04-11,11:50,Depot A,Operations,Day,Slip / Trip,Worker slipped near transfer walkway at Depot A during day shift.,Medical Treatment,False,False,False,False,1,4,True,56.2,99.0,1005,39.7392,-104.9903,4
HSE-1173,2026-04-12,13:30,Depot A,Operations,Day,Vehicle Interaction,Pedestrian entered forklift travel path at Depot A during day shift.,Restricted Work,False,False,False,False,1,4,True,85.0,94.4,1286,39.7392,-104.9903,4
HSE-1174,2026-04-12,18:30,Depot B,Operations,Day,Manual Handling,Manual Handling event reported at Depot B during day shift.,First Aid,True,False,False,False,3,4,True,100.0,92.3,1064,41.8781,-87.6298,12
HSE-1175,2026-04-12,23:20,Terminal E,Operations,Night,Equipment Contact,Equipment Contact event reported at Terminal E during night shift.,First Aid,False,False,False,False,1,3,True,100.0,91.8,974,34.0522,-118.2437,3
HSE-1176,2026-04-13,01:10,Depot B,Logistics,Night,Vehicle Interaction,Pedestrian entered forklift travel path at Depot B during night shift. Credible worst case could be life-altering.,Medical Treatment,True,True,False,True,5,3,True,89.7,92.1,984,41.8781,-87.6298,15
HSE-1177,2026-04-13,09:10,Warehouse D,Operations,Day,Slip / Trip,Worker slipped near transfer walkway at Warehouse D during day shift.,Lost Time,True,False,False,False,2,2,False,95.5,96.3,1145,33.4484,-112.074,4
HSE-1178,2026-04-14,15:20,Depot A,Operations,Day,Struck By,Struck By event reported at Depot A during day shift.,Medical Treatment,True,False,False,False,2,3,True,70.0,95.5,894,39.7392,-104.9903,6
HSE-1179,2026-04-15,01:20,Depot A,Logistics,Night,Fall From Height,Elevated work task had incomplete edge protection at Depot A. Credible worst case could be life-altering.,First Aid,True,True,False,True,5,5,True,64.0,94.9,1247,39.7392,-104.9903,25
HSE-1180,2026-04-15,13:30,Plant C,Operations,Day,Struck By,Struck By event reported at Plant C during day shift.,First Aid,True,False,False,False,3,3,True,81.5,89.3,1256,29.7604,-95.3698,9
HSE-1181,2026-04-16,02:50,Depot B,Logistics,Night,Slip / Trip,Worker slipped near transfer walkway at Depot B during night shift. Credible worst case could be life-altering.,Near Miss,False,False,True,True,5,1,True,100.0,96.3,1383,41.8781,-87.6298,5
HSE-1182,2026-04-16,08:50,Terminal E,Maintenance,Day,Manual Handling,Manual Handling event reported at Terminal E during day shift.,Lost Time,True,True,False,False,4,5,True,91.7,86.6,1024,34.0522,-118.2437,20
HSE-1183,2026-04-17,17:20,Depot A,Utilities,Day,Chemical Exposure,Chemical Exposure event reported at Depot A during day shift. Credible worst case could be life-altering.,Medical Treatment,True,True,False,True,5,2,True,87.5,92.0,1066,39.7392,-104.9903,10
HSE-1184,2026-04-17,17:10,Depot B,Operations,Day,Near Miss,Near Miss event reported at Depot B during day shift.,Near Miss,False,False,True,False,0,3,True,85.0,85.0,1001,41.8781,-87.6298,0
HSE-1185,2026-04-17,08:00,Plant C,Maintenance,Day,Vehicle Interaction,Pedestrian entered forklift travel path at Plant C during day shift.,Medical Treatment,True,True,False,False,4,1,True,100.0,92.3,1069,29.7604,-95.3698,4
HSE-1186,2026-04-18,01:50,Depot B,Operations,Night,Near Miss,Near Miss event reported at Depot B during night shift.,Near Miss,False,False,True,False,0,1,True,100.0,87.9,979,41.8781,-87.6298,0
HSE-1187,2026-04-19,22:10,Depot A,Logistics,Night,Near Miss,Near Miss event reported at Depot A during night shift.,Near Miss,False,False,True,False,0,1,True,54.8,83.3,854,39.7392,-104.9903,0
HSE-1188,2026-04-19,22:40,Warehouse D,Operations,Night,Slip / Trip,Worker slipped near transfer walkway at Warehouse D during night shift.,First Aid,True,True,False,False,5,2,True,71.4,86.8,1033,33.4484,-112.074,10
HSE-1189,2026-04-20,09:00,Depot B,Operations,Day,Equipment Contact,Equipment Contact event reported at Depot B during day shift. Credible worst case could be life-altering.,Near Miss,False,False,True,True,5,1,True,78.6,87.0,1020,41.8781,-87.6298,5
HSE-1190,2026-04-20,11:10,Terminal E,Operations,Day,Struck By,Struck By event reported at Terminal E during day shift.,Medical Treatment,True,False,False,False,3,5,True,96.2,84.8,1243,34.0522,-118.2437,15
HSE-1191,2026-04-21,11:20,Depot A,Logistics,Day,Slip / Trip,Worker slipped near transfer walkway at Depot A during day shift.,First Aid,True,False,False,False,2,1,True,86.2,88.0,1237,39.7392,-104.9903,2
HSE-1192,2026-04-21,18:30,Depot B,Operations,Day,Slip / Trip,Worker slipped near transfer walkway at Depot B during day shift.,Restricted Work,True,False,False,False,3,1,True,88.9,97.8,1087,41.8781,-87.6298,3
HSE-1193,2026-04-21,13:40,Plant C,Operations,Day,Chemical Exposure,Chemical Exposure event reported at Plant C during day shift. Credible worst case could be life-altering.,Near Miss,False,False,True,True,5,5,True,100.0,84.0,1018,29.7604,-95.3698,25
HSE-1194,2026-04-22,00:00,Depot B,Maintenance,Night,Equipment Contact,Equipment Contact event reported at Depot B during night shift.,Medical Treatment,False,False,False,False,1,5,False,65.6,95.4,1164,41.8781,-87.6298,5
HSE-1195,2026-04-23,11:50,Plant C,Logistics,Day,Manual Handling,Manual Handling event reported at Plant C during day shift.,Medical Treatment,False,False,False,False,1,2,True,70.0,86.7,1202,29.7604,-95.3698,2
HSE-1196,2026-04-24,13:20,Depot A,Operations,Day,Slip / Trip,Worker slipped near transfer walkway at Depot A during day shift.,Medical Treatment,False,False,False,False,1,2,True,86.7,87.1,1030,39.7392,-104.9903,2
HSE-1197,2026-04-25,14:50,Depot A,Maintenance,Day,Struck By,Struck By event reported at Depot A during day shift.,Medical Treatment,True,True,False,False,3,4,True,83.3,88.7,1220,39.7392,-104.9903,12
HSE-1198,2026-04-26,13:20,Plant C,Operations,Day,Chemical Exposure,Chemical Exposure event reported at Plant C during day shift. Credible worst case could be life-altering.,Restricted Work,True,True,False,True,4,2,True,67.9,93.9,1019,29.7604,-95.3698,8
HSE-1199,2026-04-27,12:10,Depot B,Logistics,Day,Fall From Height,Elevated work task had incomplete edge protection at Depot B. Credible worst case could be life-altering.,Medical Treatment,True,True,False,True,3,2,True,100.0,94.7,1365,41.8781,-87.6298,6
HSE-1200,2026-04-28,23:30,Depot B,Operations,Night,Near Miss,Near Miss event reported at Depot B during night shift.,Near Miss,False,False,True,False,0,2,True,75.0,98.7,1119,41.8781,-87.6298,0
HSE-1201,2026-04-29,09:10,Depot A,Operations,Day,Near Miss,Near Miss event reported at Depot A during day shift.,Near Miss,False,False,True,False,0,4,False,89.3,88.5,926,39.7392,-104.9903,0
HSE-1202,2026-04-29,18:00,Depot B,Utilities,Day,Struck By,Struck By event reported at Depot B during day shift.,Near Miss,False,False,True,False,0,3,True,71.4,87.0,1367,41.8781,-87.6298,0
HSE-1203,2026-04-30,01:50,Depot B,Operations,Night,Slip / Trip,Worker slipped near transfer walkway at Depot B during night shift.,First Aid,True,False,False,False,2,3,False,59.4,97.2,1166,41.8781,-87.6298,6
HSE-1204,2026-04-30,15:00,Terminal E,Operations,Day,Slip / Trip,Worker slipped near transfer walkway at Terminal E during day shift.,Medical Treatment,True,False,False,False,2,5,True,53.3,95.2,917,34.0522,-118.2437,10
HSE-1205,2026-05-01,14:10,Depot B,Logistics,Day,Slip / Trip,Worker slipped near transfer walkway at Depot B during day shift.,First Aid,True,False,False,False,3,1,False,95.8,88.2,1153,41.8781,-87.6298,3
HSE-1206,2026-05-01,02:50,Warehouse D,Maintenance,Night,Struck By,Struck By event reported at Warehouse D during night shift.,First Aid,True,False,False,False,2,2,True,93.5,85.1,1202,33.4484,-112.074,4
HSE-1207,2026-05-01,17:30,Terminal E,Maintenance,Day,Manual Handling,Manual Handling event reported at Terminal E during day shift.,Near Miss,False,False,True,False,0,4,True,90.0,94.9,1121,34.0522,-118.2437,0
HSE-1208,2026-05-02,01:50,Depot B,Operations,Night,Near Miss,Near Miss event reported at Depot B during night shift.,Near Miss,False,False,True,False,0,1,True,61.5,93.9,1074,41.8781,-87.6298,0
HSE-1209,2026-05-02,13:50,Terminal E,Maintenance,Day,Near Miss,Near Miss event reported at Terminal E during day shift.,Near Miss,False,False,True,False,0,5,True,85.7,87.0,1234,34.0522,-118.2437,0
HSE-1210,2026-05-03,02:10,Depot B,Operations,Night,Slip / Trip,Worker slipped near transfer walkway at Depot B during night shift. Credible worst case could be life-altering.,Near Miss,False,True,True,True,3,5,True,93.5,88.8,1194,41.8781,-87.6298,15
HSE-1211,2026-05-03,14:10,Warehouse D,Utilities,Day,Slip / Trip,Worker slipped near transfer walkway at Warehouse D during day shift.,Medical Treatment,True,True,False,False,3,1,True,84.2,90.4,1260,33.4484,-112.074,3
HSE-1212,2026-05-04,02:00,Terminal E,Operations,Night,Chemical Exposure,Chemical Exposure event reported at Terminal E during night shift. Credible worst case could be life-altering.,First Aid,True,True,False,True,4,2,True,96.4,86.1,1284,34.0522,-118.2437,8
HSE-1213,2026-05-06,22:30,Depot B,Logistics,Night,Slip / Trip,Worker slipped near transfer walkway at Depot B during night shift.,Medical Treatment,True,False,False,False,2,3,False,93.8,98.7,962,41.8781,-87.6298,6
HSE-1214,2026-05-06,09:20,Terminal E,Maintenance,Day,Manual Handling,Manual Handling event reported at Terminal E during day shift.,First Aid,False,False,False,False,1,2,True,72.7,89.4,954,34.0522,-118.2437,2
HSE-1215,2026-05-08,08:00,Depot B,Operations,Day,Slip / Trip,Worker slipped near transfer walkway at Depot B during day shift.,First Aid,True,False,False,False,2,1,True,73.3,85.9,1004,41.8781,-87.6298,2
HSE-1216,2026-05-09,00:20,Depot B,Maintenance,Night,Equipment Contact,Equipment Contact event reported at Depot B during night shift. Credible worst case could be life-altering.,Lost Time,True,True,False,True,5,4,True,76.0,87.9,1316,41.8781,-87.6298,20
HSE-1217,2026-05-09,07:50,Warehouse D,Utilities,Day,Equipment Contact,Equipment Contact event reported at Warehouse D during day shift.,Medical Treatment,True,False,False,False,2,2,True,85.2,87.5,1115,33.4484,-112.074,4
HSE-1218,2026-05-11,00:40,Depot B,Logistics,Night,Slip / Trip,Worker slipped near transfer walkway at Depot B during night shift.,Near Miss,False,False,True,False,0,1,False,91.7,84.5,1106,41.8781,-87.6298,0
HSE-1219,2026-05-11,02:00,Terminal E,Logistics,Night,Slip / Trip,Worker slipped near transfer walkway at Terminal E during night shift.,First Aid,True,True,False,False,3,2,True,78.1,92.1,1103,34.0522,-118.2437,6
HSE-1220,2026-05-12,12:20,Depot A,Logistics,Day,Manual Handling,Manual Handling event reported at Depot A during day shift.,Near Miss,False,False,True,False,0,3,True,89.7,88.4,1347,39.7392,-104.9903,0
HSE-1221,2026-05-12,23:40,Depot B,Operations,Night,Slip / Trip,Worker slipped near transfer walkway at Depot B during night shift. Credible worst case could be life-altering.,Restricted Work,True,True,False,True,5,1,True,84.2,88.5,906,41.8781,-87.6298,5
HSE-1222,2026-05-13,12:20,Warehouse D,Logistics,Day,Chemical Exposure,Chemical Exposure event reported at Warehouse D during day shift. Credible worst case could be life-altering.,Near Miss,False,False,True,True,5,2,True,93.3,98.6,1281,33.4484,-112.074,10
HSE-1223,2026-05-14,00:10,Terminal E,Operations,Night,Vehicle Interaction,Pedestrian entered forklift travel path at Terminal E during night shift.,Lost Time,True,False,False,False,3,2,True,92.0,83.6,1220,34.0522,-118.2437,6
HSE-1224,2026-05-15,16:50,Depot A,Utilities,Day,Vehicle Interaction,Pedestrian entered forklift travel path at Depot A during day shift. Credible worst case could be life-altering.,Medical Treatment,True,True,False,True,5,4,True,71.9,94.1,1220,39.7392,-104.9903,20
HSE-1225,2026-05-15,08:20,Depot B,Operations,Day,Struck By,Struck By event reported at Depot B during day shift.,Lost Time,False,False,False,False,1,1,True,85.7,90.4,1061,41.8781,-87.6298,1
HSE-1226,2026-05-15,11:00,Terminal E,Operations,Day,Manual Handling,Manual Handling event reported at Terminal E during day shift.,Restricted Work,True,True,False,False,4,2,True,82.1,84.2,1225,34.0522,-118.2437,8
HSE-1227,2026-05-16,02:20,Depot B,Operations,Night,Slip / Trip,Worker slipped near transfer walkway at Depot B during night shift.,First Aid,False,False,False,False,1,2,True,72.0,97.4,1189,41.8781,-87.6298,2
HSE-1228,2026-05-16,07:10,Warehouse D,Utilities,Day,Vehicle Interaction,Pedestrian entered forklift travel path at Warehouse D during day shift. Credible worst case could be life-altering.,Restricted Work,True,False,False,True,3,1,True,90.3,84.6,1028,33.4484,-112.074,3
HSE-1229,2026-05-17,00:00,Depot B,Logistics,Night,Vehicle Interaction,Pedestrian entered forklift travel path at Depot B during night shift.,First Aid,True,True,False,False,3,3,True,96.6,98.5,1074,41.8781,-87.6298,9
HSE-1230,2026-05-17,18:30,Warehouse D,Operations,Day,Manual Handling,Manual Handling event reported at Warehouse D during day shift.,Lost Time,True,False,False,False,2,5,True,92.0,92.8,1323,33.4484,-112.074,10
HSE-1231,2026-05-17,17:20,Terminal E,Operations,Day,Vehicle Interaction,Pedestrian entered forklift travel path at Terminal E during day shift. Credible worst case could be life-altering.,First Aid,True,True,False,True,4,4,True,100.0,86.2,895,34.0522,-118.2437,16
HSE-1232,2026-05-18,16:20,Depot A,Operations,Day,Slip / Trip,Worker slipped near transfer walkway at Depot A during day shift.,Near Miss,False,False,True,False,0,3,True,93.5,97.9,1154,39.7392,-104.9903,0
HSE-1233,2026-05-18,22:50,Warehouse D,Operations,Night,Struck By,Struck By event reported at Warehouse D during night shift.,Medical Treatment,True,False,False,False,3,5,True,71.9,92.1,1318,33.4484,-112.074,15
HSE-1234,2026-05-18,17:40,Terminal E,Maintenance,Day,Slip / Trip,Worker slipped near transfer walkway at Terminal E during day shift.,First Aid,True,False,False,False,3,5,True,72.0,90.8,1204,34.0522,-118.2437,15
HSE-1235,2026-05-19,22:00,Depot B,Operations,Night,Manual Handling,Manual Handling event reported at Depot B during night shift.,Restricted Work,True,False,False,False,3,1,True,73.3,85.3,1036,41.8781,-87.6298,3
HSE-1236,2026-05-19,14:30,Warehouse D,Maintenance,Day,Struck By,Struck By event reported at Warehouse D during day shift.,Restricted Work,False,False,False,False,1,3,True,60.0,85.6,1383,33.4484,-112.074,3
HSE-1237,2026-05-20,22:20,Depot A,Operations,Night,Manual Handling,Manual Handling event reported at Depot A during night shift.,Restricted Work,True,False,False,False,3,4,True,87.5,90.1,1332,39.7392,-104.9903,12
HSE-1238,2026-05-20,18:20,Terminal E,Logistics,Day,Struck By,Struck By event reported at Terminal E during day shift.,Restricted Work,True,False,False,False,2,4,True,88.5,98.5,1105,34.0522,-118.2437,8
HSE-1239,2026-05-22,06:20,Depot A,Operations,Day,Vehicle Interaction,Pedestrian entered forklift travel path at Depot A during day shift. Credible worst case could be life-altering.,Medical Treatment,True,True,False,True,5,3,True,87.0,88.0,1396,39.7392,-104.9903,15
HSE-1240,2026-05-22,02:00,Plant C,Operations,Night,Equipment Contact,Equipment Contact event reported at Plant C during night shift.,Medical Treatment,True,False,False,False,3,3,True,90.6,92.8,953,29.7604,-95.3698,9
HSE-1241,2026-05-23,00:20,Warehouse D,Operations,Night,Near Miss,Near Miss event reported at Warehouse D during night shift.,Near Miss,False,False,True,False,0,4,True,96.0,95.2,1378,33.4484,-112.074,0
HSE-1242,2026-05-23,12:40,Terminal E,Logistics,Day,Chemical Exposure,Chemical Exposure event reported at Terminal E during day shift. Credible worst case could be life-altering.,Medical Treatment,True,True,False,True,5,4,True,100.0,85.4,1156,34.0522,-118.2437,20
HSE-1243,2026-05-24,09:30,Warehouse D,Operations,Day,Chemical Exposure,Chemical Exposure event reported at Warehouse D during day shift.,Near Miss,False,False,True,False,0,1,True,84.2,92.8,1395,33.4484,-112.074,0
HSE-1244,2026-05-25,02:00,Terminal E,Maintenance,Night,Struck By,Struck By event reported at Terminal E during night shift.,Near Miss,False,False,True,False,0,4,True,73.3,84.2,991,34.0522,-118.2437,0
HSE-1245,2026-05-26,01:10,Plant C,Operations,Night,Slip / Trip,Worker slipped near transfer walkway at Plant C during night shift.,Medical Treatment,False,False,False,False,1,4,True,92.6,86.7,1185,29.7604,-95.3698,4
HSE-1246,2026-05-27,14:40,Depot B,Logistics,Day,Slip / Trip,Worker slipped near transfer walkway at Depot B during day shift.,Medical Treatment,True,False,False,False,2,4,True,100.0,85.3,1185,41.8781,-87.6298,8
HSE-1247,2026-05-27,07:20,Warehouse D,Operations,Day,Fall From Height,Elevated work task had incomplete edge protection at Warehouse D. Credible worst case could be life-altering.,Medical Treatment,True,True,False,True,4,5,False,84.2,86.4,1006,33.4484,-112.074,20
HSE-1248,2026-05-28,02:30,Depot B,Logistics,Night,Struck By,Struck By event reported at Depot B during night shift.,First Aid,True,True,False,False,4,5,True,86.2,97.7,1147,41.8781,-87.6298,20
HSE-1249,2026-05-29,09:00,Terminal E,Operations,Day,Slip / Trip,Worker slipped near transfer walkway at Terminal E during day shift.,Lost Time,True,False,False,False,2,1,True,57.1,95.3,983,34.0522,-118.2437,2
HSE-1250,2026-05-30,23:50,Depot B,Operations,Night,Slip / Trip,Worker slipped near transfer walkway at Depot B during night shift. Credible worst case could be life-altering.,First Aid,True,True,False,True,4,3,True,93.8,91.9,873,41.8781,-87.6298,12
HSE-1251,2026-05-30,15:30,Terminal E,Logistics,Day,Manual Handling,Manual Handling event reported at Terminal E during day shift.,Near Miss,False,False,True,False,0,3,True,95.7,96.9,999,34.0522,-118.2437,0
HSE-1252,2026-05-31,07:30,Depot A,Maintenance,Day,Manual Handling,Manual Handling event reported at Depot A during day shift.,Restricted Work,True,True,False,False,5,5,False,82.8,98.2,957,39.7392,-104.9903,25
HSE-1253,2026-05-31,22:10,Plant C,Logistics,Night,Manual Handling,Manual Handling event reported at Plant C during night shift.,First Aid,False,False,False,False,1,5,True,87.5,90.0,1308,29.7604,-95.3698,5
HSE-1254,2026-05-31,17:30,Warehouse D,Operations,Day,Equipment Contact,Equipment Contact event reported at Warehouse D during day shift.,First Aid,False,False,False,False,1,4,True,90.5,97.7,1004,33.4484,-112.074,4
HSE-1255,2026-05-31,17:20,Terminal E,Maintenance,Day,Chemical Exposure,Chemical Exposure event reported at Terminal E during day shift.,First Aid,True,False,False,False,3,4,True,59.3,86.0,1319,34.0522,-118.2437,12
HSE-1256,2026-06-01,22:40,Terminal E,Operations,Night,Equipment Contact,Equipment Contact event reported at Terminal E during night shift.,Medical Treatment,False,False,False,False,1,2,True,61.3,92.4,1190,34.0522,-118.2437,2
HSE-1257,2026-06-02,14:00,Depot B,Logistics,Day,Slip / Trip,Worker slipped near transfer walkway at Depot B during day shift.,Near Miss,False,False,True,False,0,5,False,93.5,85.3,1058,41.8781,-87.6298,0
HSE-1258,2026-06-02,18:20,Plant C,Maintenance,Day,Slip / Trip,Worker slipped near transfer walkway at Plant C during day shift.,Medical Treatment,True,True,False,False,5,3,True,96.7,94.2,979,29.7604,-95.3698,15
HSE-1259,2026-06-02,23:40,Terminal E,Logistics,Night,Struck By,Struck By event reported at Terminal E during night shift.,First Aid,True,False,False,False,2,1,True,88.9,93.2,1399,34.0522,-118.2437,2
HSE-1260,2026-06-03,23:50,Depot A,Logistics,Night,Slip / Trip,Worker slipped near transfer walkway at Depot A during night shift.,First Aid,False,False,False,False,1,5,True,84.0,98.4,1124,39.7392,-104.9903,5
HSE-1261,2026-06-03,12:10,Terminal E,Maintenance,Day,Struck By,Struck By event reported at Terminal E during day shift.,Medical Treatment,True,True,False,False,4,2,True,69.2,92.5,992,34.0522,-118.2437,8
HSE-1262,2026-06-04,11:10,Depot A,Operations,Day,Struck By,Struck By event reported at Depot A during day shift.,Near Miss,False,False,True,False,0,1,True,91.7,97.4,1017,39.7392,-104.9903,0
HSE-1263,2026-06-05,16:20,Depot A,Operations,Day,Chemical Exposure,Chemical Exposure event reported at Depot A during day shift. Credible worst case could be life-altering.,Medical Treatment,True,True,False,True,3,5,True,100.0,89.1,1344,39.7392,-104.9903,15
HSE-1264,2026-06-07,18:00,Depot A,Utilities,Day,Slip / Trip,Worker slipped near transfer walkway at Depot A during day shift.,Lost Time,True,False,False,False,2,5,True,79.3,95.2,862,39.7392,-104.9903,10
HSE-1265,2026-06-07,06:40,Warehouse D,Utilities,Day,Vehicle Interaction,Pedestrian entered forklift travel path at Warehouse D during day shift. Credible worst case could be life-altering.,First Aid,True,True,False,True,5,3,True,100.0,92.9,1164,33.4484,-112.074,15
HSE-1266,2026-06-08,08:00,Depot B,Operations,Day,Vehicle Interaction,Pedestrian entered forklift travel path at Depot B during day shift.,Restricted Work,True,False,False,False,2,3,False,100.0,91.6,1390,41.8781,-87.6298,6
HSE-1267,2026-06-10,08:50,Plant C,Maintenance,Day,Slip / Trip,Worker slipped near transfer walkway at Plant C during day shift.,First Aid,True,True,False,False,5,1,True,60.0,95.0,1235,29.7604,-95.3698,5
HSE-1268,2026-06-10,00:10,Terminal E,Logistics,Night,Manual Handling,Manual Handling event reported at Terminal E during night shift.,Lost Time,True,False,False,False,3,2,True,100.0,96.1,1369,34.0522,-118.2437,6
HSE-1269,2026-06-12,12:10,Depot B,Maintenance,Day,Equipment Contact,Equipment Contact event reported at Depot B during day shift. Credible worst case could be life-altering.,Restricted Work,True,True,False,True,4,2,False,73.9,98.6,898,41.8781,-87.6298,8
HSE-1270,2026-06-13,00:10,Depot A,Logistics,Night,Chemical Exposure,Chemical Exposure event reported at Depot A during night shift.,Lost Time,True,True,False,False,5,3,True,84.6,84.9,949,39.7392,-104.9903,15
HSE-1271,2026-06-13,11:50,Depot B,Logistics,Day,Chemical Exposure,Chemical Exposure event reported at Depot B during day shift.,Restricted Work,False,False,False,False,1,1,True,84.4,82.3,1124,41.8781,-87.6298,1
HSE-1272,2026-06-13,23:00,Plant C,Operations,Night,Slip / Trip,Worker slipped near transfer walkway at Plant C during night shift.,Near Miss,False,False,True,False,0,1,True,76.2,82.8,1172,29.7604,-95.3698,0
HSE-1273,2026-06-13,16:20,Terminal E,Operations,Day,Equipment Contact,Equipment Contact event reported at Terminal E during day shift. Credible worst case could be life-altering.,First Aid,True,False,False,True,3,3,True,84.4,82.2,1013,34.0522,-118.2437,9
HSE-1274,2026-06-14,02:30,Depot A,Operations,Night,Near Miss,Near Miss event reported at Depot A during night shift.,Near Miss,False,False,True,False,0,3,True,51.6,94.0,1193,39.7392,-104.9903,0
HSE-1275,2026-06-14,12:50,Depot B,Utilities,Day,Manual Handling,Manual Handling event reported at Depot B during day shift.,Lost Time,True,False,False,False,2,4,True,67.7,86.4,1104,41.8781,-87.6298,8
HSE-1276,2026-06-15,02:00,Depot B,Maintenance,Night,Slip / Trip,Worker slipped near transfer walkway at Depot B during night shift.,Medical Treatment,False,False,False,False,1,1,True,100.0,93.2,872,41.8781,-87.6298,1
HSE-1277,2026-06-15,09:10,Plant C,Operations,Day,Chemical Exposure,Chemical Exposure event reported at Plant C during day shift.,Restricted Work,True,True,False,False,4,4,True,82.8,95.8,905,29.7604,-95.3698,16
HSE-1278,2026-06-15,17:00,Warehouse D,Logistics,Day,Struck By,Struck By event reported at Warehouse D during day shift.,First Aid,True,False,False,False,2,5,True,96.7,90.7,1295,33.4484,-112.074,10
HSE-1279,2026-06-16,22:10,Depot B,Operations,Night,Equipment Contact,Equipment Contact event reported at Depot B during night shift.,Medical Treatment,True,False,False,False,2,1,True,73.3,97.7,1138,41.8781,-87.6298,2
HSE-1280,2026-06-16,06:10,Plant C,Maintenance,Day,Equipment Contact,Equipment Contact event reported at Plant C during day shift. Credible worst case could be life-altering.,Medical Treatment,True,True,False,True,4,4,False,84.2,82.9,882,29.7604,-95.3698,16
HSE-1281,2026-06-16,07:20,Warehouse D,Operations,Day,Slip / Trip,Worker slipped near transfer walkway at Warehouse D during day shift.,Medical Treatment,True,False,False,False,2,1,False,90.0,95.2,1213,33.4484,-112.074,2
HSE-1282,2026-06-16,00:20,Terminal E,Operations,Night,Manual Handling,Manual Handling event reported at Terminal E during night shift.,Medical Treatment,True,False,False,False,2,5,True,87.1,95.2,1077,34.0522,-118.2437,10
HSE-1283,2026-06-17,08:40,Terminal E,Maintenance,Day,Equipment Contact,Equipment Contact event reported at Terminal E during day shift.,First Aid,True,False,False,False,3,3,True,96.3,83.0,1088,34.0522,-118.2437,9
HSE-1284,2026-06-18,08:50,Depot B,Operations,Day,Fall From Height,Elevated work task had incomplete edge protection at Depot B. Credible worst case could be life-altering.,Near Miss,False,False,True,True,5,3,True,65.6,82.5,855,41.8781,-87.6298,15
HSE-1285,2026-06-18,02:00,Plant C,Operations,Night,Vehicle Interaction,Pedestrian entered forklift travel path at Plant C during night shift.,First Aid,True,False,False,False,3,3,True,89.3,98.0,1107,29.7604,-95.3698,9
HSE-1286,2026-06-18,10:50,Terminal E,Operations,Day,Vehicle Interaction,Pedestrian entered forklift travel path at Terminal E during day shift.,First Aid,True,False,False,False,3,3,True,75.0,83.9,1003,34.0522,-118.2437,9
HSE-1287,2026-06-19,16:50,Depot A,Maintenance,Day,Vehicle Interaction,Pedestrian entered forklift travel path at Depot A during day shift.,Restricted Work,False,False,False,False,1,1,True,95.2,83.2,1191,39.7392,-104.9903,1
HSE-1288,2026-06-19,14:00,Plant C,Operations,Day,Chemical Exposure,Chemical Exposure event reported at Plant C during day shift.,Medical Treatment,False,False,False,False,1,5,False,94.4,97.7,1028,29.7604,-95.3698,5
HSE-1289,2026-06-19,00:00,Terminal E,Operations,Night,Near Miss,Near Miss event reported at Terminal E during night shift.,Near Miss,False,False,True,False,0,5,True,77.3,89.4,1383,34.0522,-118.2437,0
HSE-1290,2026-06-20,23:00,Depot B,Logistics,Night,Vehicle Interaction,Pedestrian entered forklift travel path at Depot B during night shift. Credible worst case could be life-altering.,First Aid,True,True,False,True,4,2,False,57.1,86.8,975,41.8781,-87.6298,8
HSE-1291,2026-06-20,01:10,Terminal E,Operations,Night,Vehicle Interaction,Pedestrian entered forklift travel path at Terminal E during night shift. Credible worst case could be life-altering.,First Aid,True,True,False,True,4,5,True,100.0,92.3,885,34.0522,-118.2437,20
HSE-1292,2026-06-21,06:10,Depot A,Operations,Day,Slip / Trip,Worker slipped near transfer walkway at Depot A during day shift.,Near Miss,False,False,True,False,0,4,True,88.0,85.5,1097,39.7392,-104.9903,0
HSE-1293,2026-06-21,13:40,Depot B,Operations,Day,Vehicle Interaction,Pedestrian entered forklift travel path at Depot B during day shift.,Restricted Work,False,False,False,False,1,4,True,92.0,89.9,954,41.8781,-87.6298,4
HSE-1294,2026-06-22,17:40,Depot A,Logistics,Day,Slip / Trip,Worker slipped near transfer walkway at Depot A during day shift.,Medical Treatment,True,False,False,False,3,5,True,100.0,88.6,1364,39.7392,-104.9903,15
HSE-1295,2026-06-22,00:00,Terminal E,Logistics,Night,Slip / Trip,Worker slipped near transfer walkway at Terminal E during night shift.,First Aid,False,False,False,False,1,2,True,85.7,96.6,1171,34.0522,-118.2437,2
HSE-1296,2026-06-23,01:20,Depot B,Logistics,Night,Manual Handling,Manual Handling event reported at Depot B during night shift.,Near Miss,False,False,True,False,0,2,False,80.0,86.9,954,41.8781,-87.6298,0
HSE-1297,2026-06-24,22:40,Depot B,Maintenance,Night,Equipment Contact,Equipment Contact event reported at Depot B during night shift.,First Aid,True,False,False,False,2,5,True,66.7,96.4,920,41.8781,-87.6298,10
HSE-1298,2026-06-24,18:10,Plant C,Operations,Day,Manual Handling,Manual Handling event reported at Plant C during day shift.,First Aid,True,False,False,False,3,4,True,100.0,89.8,947,29.7604,-95.3698,12
HSE-1299,2026-06-24,15:50,Warehouse D,Operations,Day,Slip / Trip,Worker slipped near transfer walkway at Warehouse D during day shift.,Medical Treatment,True,False,False,False,3,4,True,60.7,87.1,940,33.4484,-112.074,12
HSE-1300,2026-06-25,22:20,Depot B,Logistics,Night,Slip / Trip,Worker slipped near transfer walkway at Depot B during night shift.,Medical Treatment,True,False,False,False,2,5,True,78.1,89.3,1242,41.8781,-87.6298,10
HSE-1301,2026-06-25,12:50,Plant C,Operations,Day,Struck By,Struck By event reported at Plant C during day shift.,Restricted Work,False,False,False,False,1,1,True,87.1,83.8,1167,29.7604,-95.3698,1
HSE-1302,2026-06-26,02:20,Depot A,Operations,Night,Equipment Contact,Equipment Contact event reported at Depot A during night shift. Credible worst case could be life-altering.,Medical Treatment,True,True,False,True,3,1,False,92.6,97.3,1180,39.7392,-104.9903,3
HSE-1303,2026-06-26,01:10,Warehouse D,Maintenance,Night,Near Miss,Near Miss event reported at Warehouse D during night shift.,Near Miss,False,False,True,False,0,2,True,93.8,85.0,1144,33.4484,-112.074,0
HSE-1304,2026-06-29,22:40,Depot B,Maintenance,Night,Slip / Trip,Worker slipped near transfer walkway at Depot B during night shift.,First Aid,True,False,False,False,2,4,False,83.9,94.4,994,41.8781,-87.6298,8
